soil|sol|447520
soil|sol|512734
soil|sol|489206
soil|sol|487628
soil|sol|487389
soil|sol|489238
soil|sol|487995
soil|sol|447281
soil|sol|489015
soil|sol|488936
soil|sol|487517
soil|sol|464383
soil|sol|447392
soil|sol|465292
soil|sol|488584
soil|sol|489047
soil|sol|447297
soil|sol|464288
soil|sol|447232
soil|sol|487900
soil|sol|463045
soil|sol|464860
soil|sol|519227
soil|sol|519163
soil|sol|488361
soil|sol|439728
soil|sol|488393
soil|sol|465420
soil|sol|435699
soil|sol|462838
soil|sol|462790
soil|sol|513216
soil|sol|464813
soil|sol|462981
soil|sol|462774
soil|sol|439044
soil|sol|439378
soil|sol|438885
soil|sol|439187
soil|sol|439617
soil|sol|439410
soil|sol|439633
soil|sol|439394
soil|sol|439156
soil|sol|439251
soil|sol|464558
soil|sol|438726
soil|sol|438869
soil|sol|439108
soil|sol|481768
soil|sol|512892
soil|sol|462870
soil|sol|464542
soil|sol|489492
soil|sol|447853
soil|sol|447885
soil|sol|446268
soil|sol|439681
soil|sol|464638
soil|sol|512717
soil|sol|464973
soil|sol|487676
soil|sol|447805
soil|sol|501484
soil|sol|512971
soil|sol|464510
soil|sol|488425
soil|sol|488202
soil|sol|488107
soil|sol|488663
soil|sol|489444
soil|sol|447265
soil|sol|524923
soil|sol|522631
soil|sol|447329
soil|sol|487485
soil|sol|520327
soil|sol|488091
soil|sol|489460
soil|sol|489571
soil|sol|438551
soil|sol|438567
soil|sol|438599
soil|sol|438535
soil|sol|438583
soil|sol|488027
soil|sol|465324
soil|sol|512908
soil|sol|512781
soil|sol|512829
soil|sol|512701
soil|sol|512685
soil|sol|512813
soil|sol|488377
soil|sol|462933
soil|sol|487868
soil|sol|489286
soil|sol|446284
soil|sol|485103
soil|sol|463092
soil|sol|463140
soil|sol|462997
soil|sol|463108
soil|sol|521297
soil|sol|463173
soil|sol|462965
soil|sol|489127
soil|sol|483882
soil|sol|465181
soil|sol|512876
soil|sol|464399
soil|sol|447408
soil|sol|488313
soil|sol|446564
soil|sol|487884
soil|sol|488138
soil|sol|489508
soil|sol|447901
soil|sol|488345
soil|sol|500892
soil|sol|447869
soil|sol|464222
soil|sol|464272
soil|sol|489302
soil|sol|520177
soil|sol|487565
soil|sol|514752
soil|sol|488727
soil|sol|435844
soil|sol|485023
soil|sol|489380
soil|sol|487373
soil|sol|432441
soil|sol|514670
soil|sol|487788
soil|sol|487740
soil|sol|524524
soil|sol|496334
soil|sol|435747
soil|sol|525952
soil|sol|494982
soil|sol|512955
soil|sol|438742
soil|sol|447773
soil|sol|438917
soil|sol|502189
soil|sol|487692
soil|sol|465356
soil|sol|439458
soil|sol|488075
soil|sol|439585
soil|sol|474845
soil|sol|447711
soil|sol|439840
soil|sol|484930
soil|sol|489587
soil|sol|464304
soil|sol|488711
soil|sol|489143
soil|sol|447169
soil|sol|496301
soil|sol|464447
soil|sol|511949
soil|sol|488840
soil|sol|464206
soil|sol|465243
soil|sol|488488
soil|sol|518763
soil|sol|465052
soil|sol|465548
soil|sol|465005
soil|sol|464733
soil|sol|464158
soil|sol|435667
soil|sol|465276
soil|sol|447695
soil|sol|463124
soil|sol|519195
soil|sol|464111
soil|sol|496398
soil|sol|489428
soil|sol|439760
soil|sol|487660
soil|sol|487452
soil|sol|439649
soil|sol|523949
soil|sol|439490
soil|sol|489318
soil|sol|438615
soil|sol|465133
soil|sol|462806
soil|sol|438965
soil|sol|501925
soil|sol|501891
soil|sol|489396
soil|sol|447679
soil|sol|464606
soil|sol|487932
soil|sol|464574
soil|sol|460933
soil|sol|438646
soil|sol|464590
soil|sol|451009
soil|sol|512860
soil|sol|464909
soil|sol|488775
soil|sol|463013
soil|sol|488536
soil|sol|464190
soil|sol|446362
soil|sol|512797
soil|sol|489412
soil|sol|439824
soil|sol|515257
soil|sol|487852
soil|sol|522696
soil|sol|487979
soil|sol|515034
soil|sol|464797
soil|sol|522664
soil|sol|487533
soil|sol|465340
soil|sol|439808
soil|sol|466686
soil|sol|516392
soil|sol|488218
soil|sol|524540
soil|sol|489635
soil|sol|501809
soil|sol|521581
soil|sol|465116
soil|sol|432886
soil|sol|495772
soil|sol|519148
soil|sol|447757
soil|sol|487549
soil|sol|464749
soil|sol|445334
soil|sol|447536
soil|sol|438949
soil|sol|488616
soil|sol|522851
soil|sol|495310
soil|sol|465404
soil|sol|489111
soil|sol|464095
soil|sol|447821
soil|sol|439712
soil|sol|479904
soil|sol|439792
soil|sol|435780
soil|sol|464876
soil|sol|439776
soil|sol|439665
soil|sol|488282
soil|sol|492901
soil|sol|485758
soil|sol|489254
soil|sol|517659
soil|sol|464174
soil|sol|465036
soil|sol|465227
soil|sol|465468
soil|sol|464431
soil|sol|464335
soil|sol|464925
soil|sol|464829
soil|sol|465084
soil|sol|465100
soil|sol|465308
soil|sol|465149
soil|sol|464654
soil|sol|465165
soil|sol|464765
soil|sol|464463
soil|sol|487756
soil|sol|515699
soil|sol|438662
soil|sol|488904
soil|sol|447567
soil|sol|489079
soil|sol|447313
soil|sol|489603
soil|sol|487325
soil|sol|488329
soil|sol|489334
soil|sol|488186
soil|sol|489619
soil|sol|488011
soil|sol|487341
soil|sol|464479
soil|sol|488952
soil|sol|489063
soil|sol|489095
soil|sol|462822
soil|sol|438694
soil|sol|438678
soil|sol|447472
soil|sol|464256
soil|sol|489476
soil|sol|465260
soil|sol|446962
soil|sol|447647
soil|sol|447789
soil|sol|487820
soil|sol|489159
soil|sol|524676
soil|sol|431751
soil|sol|447488
soil|sol|465532
soil|sol|485039
soil|sol|464989
soil|sol|487469
soil|sol|488600
soil|sol|464079
soil|sol|487916
soil|sol|489270
soil|sol|462917
soil|sol|524571
soil|sol|464957
soil|sol|465068
soil|sol|487644
soil|sol|464893
soil|sol|464717
soil|sol|524602
soil|sol|465516
soil|sol|465500
soil|sol|465484
soil|sol|462742
soil|sol|515427
soil|sol|497073
soil|sol|432902
soil|sol|481800
soil|sol|465372
soil|sol|447663
soil|sol|488520
soil|sol|488984
soil|sol|449498
soil|sol|488441
soil|sol|514702
soil|sol|488552
soil|sol|487501
soil|sol|516408
soil|sol|447837
soil|sol|462711
soil|sol|488920
soil|sol|447121
soil|sol|464415
soil|sol|515210
soil|sol|464351
soil|sol|488759
soil|sol|488791
soil|sol|447615
soil|sol|447137
soil|sol|464238
soil|sol|488679
soil|sol|488457
soil|sol|484052
soil|sol|463061
soil|sol|439442
soil|sol|439426
soil|sol|488743
soil|sol|447504
soil|sol|465436
soil|sol|488888
soil|sol|464941
soil|sol|464127
soil|sol|439569
soil|sol|462854
soil|sol|446251
soil|sol|447153
soil|sol|488250
soil|sol|487612
soil|sol|519789
soil|sol|488632
soil|sol|495076
soil|sol|488170
soil|sol|464526
soil|sol|447583
soil|sol|462695
soil|sol|487436
soil|sol|462886
soil|sol|439060
soil|sol|446426
soil|sol|487420
soil|sol|447599
soil|sol|463156
soil|sol|515273
soil|sol|502088
soil|sol|488266
soil|sol|461691
soil|sol|521673
soil|sol|488234
soil|sol|464622
soil|sol|447185
soil|sol|447440
soil|sol|487357
soil|sol|489031
soil|sol|501826
soil|sol|438901
soil|sol|488043
soil|sol|447216
soil|sol|463029
soil|sol|501661
soil|sol|466929
soil|sol|462758
soil|sol|438790
soil|sol|438503
soil|sol|515490
soil|sol|438519
soil|sol|439028
soil|sol|447456
soil|sol|488856
soil|sol|439267
soil|sol|439315
soil|sol|439283
soil|sol|439331
soil|sol|439299
soil|sol|438933
soil|sol|487963
soil|sol|439506
soil|sol|438853
soil|sol|439140
soil|sol|526365
soil|sol|442618
soil|sol|465452
soil|sol|494098
soil|sol|446378
soil|sol|439012
soil|sol|438837
soil|sol|438821
soil|sol|496350
soil|sol|488504
soil|sol|464781
soil|sol|512765
soil|sol|439553
soil|sol|496382
soil|sol|447105
soil|sol|526243
soil|sol|447041
soil|sol|465595
soil|sol|438774
soil|sol|481784
soil|sol|489222
soil|sol|489190
soil|sol|495061
soil|sol|513170
soil|sol|488409
soil|sol|517643
soil|sol|502269
soil|sol|447631
soil|sol|516283
soil|sol|511932
soil|sol|465579
soil|sol|489651
soil|sol|438710
soil|sol|496366
soil|sol|439235
soil|sol|439219
soil|sol|439092
soil|sol|439203
soil|sol|438758
soil|sol|439076
soil|sol|439124
soil|sol|464685
soil|sol|439362
soil|sol|439744
soil|sol|439474
soil|sol|464701
soil|sol|488807
soil|sol|487724
soil|sol|474512
soil|sol|487804
soil|sol|488154
soil|sol|487836
soil|sol|517289
soil|sol|487708
soil|sol|488968
soil|sol|446300
soil|sol|464367
soil|sol|439537
soil|sol|488695
* soil|* sol|511625
* soil|* sol|502560
* soil|* sol|490885
* soil|* sol|500351
* soil|* sol|475720
* soil|* sol|462371
* soil|* sol|480653
* soil|* sol|461918
* soil|* sol|502530
* soil|* sol|462647
* soil|* sol|491804
* soil|* sol|483305
* soil|* sol|502936
* soil|* sol|443240
* soil|* sol|462311
* soil|* sol|492166
* soil|* sol|462431
* soil|* sol|495106
* soil|* sol|462462
* soil|* sol|462296
* soil|* sol|462008
* soil|* sol|527533
* soil|* sol|521123
* soil|* sol|492346
* soil|* sol|502695
* soil|* sol|461753
* soil|* sol|443482
* soil|* sol|442998
* soil|* sol|462234
* soil|* sol|502846
* soil|* sol|443633
* soil|* sol|462401
* soil|* sol|483410
* soil|* sol|462281
* soil|* sol|523006
* soil|* sol|492090
* soil|* sol|433499
* soil|* sol|462326
* soil|* sol|457851
* soil|* sol|442953
* soil|* sol|520967
* soil|* sol|433377
* soil|* sol|483290
* soil|* sol|480606
* soil|* sol|480426
* soil|* sol|432634
* soil|* sol|491744
* soil|* sol|503146
* soil|* sol|491849
* soil|* sol|503161
* soil|* sol|443527
* soil|* sol|503056
* soil|* sol|492256
* soil|* sol|503131
* soil|* sol|502485
* soil|* sol|500155
* soil|* sol|461963
* soil|* sol|491864
* soil|* sol|502710
* soil|* sol|483335
* soil|* sol|457819
* soil|* sol|502996
* soil|* sol|490524
* soil|* sol|503086
* soil|* sol|462023
* soil|* sol|502891
* soil|* sol|503176
* soil|* sol|480097
* soil|* sol|502725
* soil|* sol|517150
* soil|* sol|521154
* soil|* sol|457926
* soil|* sol|503191
* soil|* sol|492316
* soil|* sol|492301
* soil|* sol|502966
* soil|* sol|502650
* soil|* sol|491759
* soil|* sol|503101
* soil|* sol|492241
* soil|* sol|491939
* soil|* sol|443405
* soil|* sol|480471
* soil|* sol|462599
* soil|* sol|502771
* soil|* sol|483365
* soil|* sol|480486
* soil|* sol|462038
* soil|* sol|502620
* soil|* sol|483275
* soil|* sol|432649
* soil|* sol|483425
* soil|* sol|462492
* soil|* sol|483395
* soil|* sol|462522
* soil|* sol|480713
* soil|* sol|483230
* soil|* sol|491819
* soil|* sol|483260
* soil|* sol|518568
* soil|* sol|502500
* soil|* sol|503011
* soil|* sol|502470
* soil|* sol|495121
* soil|* sol|492075
* soil|* sol|502635
* soil|* sol|483440
* soil|* sol|462446
* soil|* sol|491774
* soil|* sol|518046
* soil|* sol|520937
* soil|* sol|521013
* soil|* sol|502921
* soil|* sol|523572
* soil|* sol|492271
* soil|* sol|502951
* soil|* sol|491144
* soil|* sol|492151
* soil|* sol|462537
* soil|* sol|443134
* soil|* sol|495136
* soil|* sol|502756
* soil|* sol|520922
* soil|* sol|480683
* soil|* sol|462631
* soil|* sol|503116
* soil|* sol|492030
* soil|* sol|432664
* soil|* sol|521044
* soil|* sol|521108
* soil|* sol|502680
* soil|* sol|457911
* soil|* sol|495247
* soil|* sol|462582
* soil|* sol|491924
* soil|* sol|520997
* soil|* sol|475705
* soil|* sol|483455
* soil|* sol|457881
* soil|* sol|462356
* soil|* sol|491985
* soil|* sol|495091
* soil|* sol|492376
* soil|* sol|483245
* soil|* sol|469853
* soil|* sol|497152
* soil|* sol|483350
* soil|* sol|461903
* soil|* sol|490964
* soil|* sol|502831
* soil|* sol|502816
* soil|* sol|483320
* soil|* sol|490916
* soil|* sol|461948
* soil|* sol|521282
* soil|* sol|462507
* soil|* sol|526987
* soil|* sol|520907
* soil|* sol|527470
* soil|* sol|461978
* soil|* sol|492226
* soil|* sol|480501
* soil|* sol|443467
* soil|* sol|462663
* soil|* sol|484251
* soil|* sol|491909
* soil|* sol|462265
* soil|* sol|502545
* soil|* sol|502605
* soil|* sol|502515
* soil|* sol|502981
* soil|* sol|502801
* soil|* sol|492181
* soil|* sol|492000
* soil|* sol|462416
* soil|* sol|462477
* soil|* sol|492211
* soil|* sol|491894
* soil|* sol|503041
* soil|* sol|462679
* soil|* sol|520952
* soil|* sol|480128
* soil|* sol|461630
* soil|* sol|503026
* soil|* sol|517165
* soil|* sol|522351
* soil|* sol|502665
* soil|* sol|462567
* soil|* sol|500170
* soil|* sol|461858
* soil|* sol|443648
* soil|* sol|462615
* soil|* sol|492196
* soil|* sol|502786
* soil|* sol|518061
* soil|* sol|516423
* soil|* sol|462341
* soil|* sol|461873
* soil|* sol|443149
* soil|* sol|457866
* soil|* sol|517180
* soil|* sol|502861
* soil|* sol|502876
* soil|* sol|517135
* soil|* sol|461933
* soil|* sol|492105
Soil|Sol|463459
Soil|Sol|463666
Soil|Sol|432344
Soil|Sol|463746
Soil|Sol|463381
Soil|Sol|463778
Soil|Sol|474679
Soil|Sol|463906
Soil|Sol|463826
Soil|Sol|463221
Soil|Sol|463858
Soil|Sol|463874
Soil|Sol|463890
Soil|Sol|463205
Soil|Sol|463284
Soil|Sol|463268
Soil|Sol|463237
Soil|Sol|463730
Soil|Sol|463922
Soil|Sol|463938
Soil|Sol|463300
Soil|Sol|463842
Soil|Sol|463333
Soil|Sol|463523
Soil|Sol|463365
Soil|Sol|471813
Soil|Sol|463189
Soil|Sol|463587
Soil|Sol|463650
Soil|Sol|463634
Soil|Sol|463475
Soil|Sol|463555
Soil|Sol|463571
Soil|Sol|463809
Soil|Sol|463491
Soil|Sol|463698
Soil|Sol|471647
Soil|Sol|474179
Soil|Sol|463539
Soil|Sol|463507
Soil|Sol|474345
Soil|Sol|463349
Soil|Sol|463413
Soil|Sol|463682
Soil|Sol|463762
Soil|Sol|463397
Soil|Sol|463603
Soil|Sol|463317
Soil|Sol|463714
Soil|Sol|522944
* water|* eau|442817
* water|* eau|444983
* water|* eau|444741
* water|* eau|444831
* water|* eau|471315
* water|* eau|442877
* water|* eau|443165
* water|* eau|442938
* water|* eau|483470
* water|* eau|443285
* water|* eau|443180
* water|* eau|442847
* water|* eau|444486
* water|* eau|443013
* water|* eau|444801
* water|* eau|442908
* water|* eau|443330
* water|* eau|443118
* water|* eau|471480
* water|* eau|442696
* water|* eau|443375
* water|* eau|442832
* water|* eau|444546
* water|* eau|444681
* water|* eau|484205
* water|* eau|523142
* water|* eau|444636
* water|* eau|443345
* water|* eau|443300
* water|* eau|447377
* water|* eau|442802
* water|* eau|443103
* water|* eau|444968
* water|* eau|443195
* water|* eau|443043
* water|* eau|444381
* water|* eau|447742
* water|* eau|444621
* water|* eau|442771
* water|* eau|443255
* water|* eau|442711
* water|* eau|484220
* water|* eau|442741
* water|* eau|443315
* water|* eau|507656
Faeces|Feces|301271
Faeces|Feces|383413
Faeces|Feces|327837
Faeces|Feces|223497
Faeces|Feces|3498274
Faeces|Feces|206787
Faeces|Feces|224091
Faeces|Feces|383171
Faeces|Feces|313977
Faeces|Feces|263312
Faeces|Feces|402021
Faeces|Feces|220220
Faeces|Feces|263125
Faeces|Feces|4064697
Faeces|Feces|80597
Faeces|Feces|400495
Faeces|Feces|293372
Faeces|Feces|354783
Faeces|Feces|308378
Faeces|Feces|192590
Faeces|Feces|222652
Faeces|Feces|542540
Faeces|Feces|4804191
Faeces|Feces|3721927
Faeces|Feces|262948
Faeces|Feces|121370
Faeces|Feces|262155
Faeces|Feces|229430
Faeces|Feces|311641
Faeces|Feces|321602
Faeces|Feces|313853
Faeces|Feces|192609
Faeces|Feces|262767
Faeces|Feces|542492
Faeces|Feces|196087
Faeces|Feces|199704
Faeces|Feces|293679
Faeces|Feces|213776
dust|poussières|500941
dust|poussières|500972
dust|poussières|501101
dust|poussières|501197
dust|poussières|500925
dust|poussières|501084
dust|poussières|501277
dust|poussières|501293
dust|poussières|501596
dust|poussières|501020
dust|poussières|501340
dust|poussières|501436
dust|poussières|501452
dust|poussières|501004
dust|poussières|501564
dust|poussières|501324
dust|poussières|501612
dust|poussières|501245
dust|poussières|501036
dust|poussières|501548
dust|poussières|501420
dust|poussières|501213
dust|poussières|501629
dust|poussières|501165
dust|poussières|501117
dust|poussières|501068
dust|poussières|501404
dust|poussières|501052
dust|poussières|501149
dust|poussières|500988
dust|poussières|500909
dust|poussières|501388
dust|poussières|501356
dust|poussières|501181
dust|poussières|501372
dust|poussières|501229
dust|poussières|501261
* dust|* poussières|476510
* dust|* poussières|476906
* dust|* poussières|477332
* dust|* poussières|477164
* dust|* poussières|477407
* dust|* poussières|476300
* dust|* poussières|477149
* dust|* poussières|477317
* dust|* poussières|476891
* dust|* poussières|477422
* dust|* poussières|477134
* dust|* poussières|477302
* dust|* poussières|477242
* dust|* poussières|476936
* dust|* poussières|477347
* dust|* poussières|476981
* dust|* poussières|477272
* dust|* poussières|477057
* dust|* poussières|477377
* dust|* poussières|477119
* dust|* poussières|477179
* dust|* poussières|476951
* dust|* poussières|476861
* dust|* poussières|476495
* dust|* poussières|476480
* dust|* poussières|476436
* dust|* poussières|476525
* dust|* poussières|477026
* dust|* poussières|476966
* dust|* poussières|477011
* dust|* poussières|477194
* dust|* poussières|477287
* dust|* poussières|477362
* dust|* poussières|476996
* dust|* poussières|517502
* dust|* poussières|477257
rice bran|son de riz|486861
rice bran|son de riz|487070
rice bran|son de riz|487214
rice bran|son de riz|487309
rice bran|son de riz|487022
rice bran|son de riz|487150
rice bran|son de riz|486717
rice bran|son de riz|486670
rice bran|son de riz|486781
rice bran|son de riz|486813
rice bran|son de riz|486590
rice bran|son de riz|486749
rice bran|son de riz|486829
rice bran|son de riz|486942
rice bran|son de riz|486797
rice bran|son de riz|487182
rice bran|son de riz|487166
rice bran|son de riz|487293
rice bran|son de riz|486654
rice bran|son de riz|487038
rice bran|son de riz|487277
rice bran|son de riz|487245
rice bran|son de riz|486686
rice bran|son de riz|486733
rice bran|son de riz|486622
rice bran|son de riz|486606
rice bran|son de riz|486765
rice bran|son de riz|487134
rice bran|son de riz|486556
rice bran|son de riz|486638
* HD Reisolement 8|* Réisolement HD 8|471164
* HD Reisolement 8|* Réisolement HD 8|470937
* HD Reisolement 8|* Réisolement HD 8|470952
* HD Reisolement 8|* Réisolement HD 8|471239
* HD Reisolement 8|* Réisolement HD 8|471602
* HD Reisolement 8|* Réisolement HD 8|471663
* HD Reisolement 8|* Réisolement HD 8|470877
* HD Reisolement 8|* Réisolement HD 8|470862
* HD Reisolement 8|* Réisolement HD 8|471510
* HD Reisolement 8|* Réisolement HD 8|471495
* HD Reisolement 8|* Réisolement HD 8|471632
* HD Reisolement 8|* Réisolement HD 8|470967
* HD Reisolement 8|* Réisolement HD 8|470892
* HD Reisolement 8|* Réisolement HD 8|471738
* HD Reisolement 8|* Réisolement HD 8|470847
* HD Reisolement 8|* Réisolement HD 8|470832
* HD Reisolement 8|* Réisolement HD 8|470787
* HD Reisolement 8|* Réisolement HD 8|471224
* HD Reisolement 8|* Réisolement HD 8|471693
* HD Reisolement 8|* Réisolement HD 8|471708
* HD Reisolement 8|* Réisolement HD 8|471073
* HD Reisolement 8|* Réisolement HD 8|471013
* HD Reisolement 8|* Réisolement HD 8|470907
* HD Reisolement 8|* Réisolement HD 8|471103
* HD Reisolement 8|* Réisolement HD 8|471525
* HD Reisolement 8|* Réisolement HD 8|471088
* HD Reisolement 8|* Réisolement HD 8|471209
black soil|sol noir|490539
black soil|sol noir|481929
black soil|sol noir|479344
black soil|sol noir|479524
black soil|sol noir|479376
black soil|sol noir|482040
black soil|sol noir|503300
black soil|sol noir|479360
black soil|sol noir|505117
black soil|sol noir|481550
black soil|sol noir|479508
black soil|sol noir|505133
black soil|sol noir|482073
black soil|sol noir|479492
black soil|sol noir|505052
black soil|sol noir|479328
black soil|sol noir|482089
black soil|sol noir|481566
black soil|sol noir|505180
black soil|sol noir|481945
black soil|sol noir|482105
black soil|sol noir|505164
black soil|sol noir|505068
black soil|sol noir|490900
black soil|sol noir|481961
black soil|sol noir|445452
sheet|feuille|481896
sheet|feuille|448556
sheet|feuille|448588
sheet|feuille|448353
sheet|feuille|448369
sheet|feuille|448494
sheet|feuille|448401
sheet|feuille|448322
sheet|feuille|448306
sheet|feuille|448227
sheet|feuille|448572
sheet|feuille|448243
sheet|feuille|448179
sheet|feuille|448195
sheet|feuille|448147
sheet|feuille|448447
sheet|feuille|448274
sheet|feuille|448290
sheet|feuille|448525
sheet|feuille|448163
sheet|feuille|448385
sheet|feuille|481847
garden soil|sol de jardin|438201
garden soil|sol de jardin|438344
garden soil|sol de jardin|438376
garden soil|sol de jardin|438360
garden soil|sol de jardin|438392
garden soil|sol de jardin|438328
garden soil|sol de jardin|438265
garden soil|sol de jardin|438185
garden soil|sol de jardin|438249
garden soil|sol de jardin|438233
garden soil|sol de jardin|438440
garden soil|sol de jardin|438169
garden soil|sol de jardin|438153
garden soil|sol de jardin|438312
garden soil|sol de jardin|438471
garden soil|sol de jardin|438408
garden soil|sol de jardin|438424
garden soil|sol de jardin|438487
garden soil|sol de jardin|438217
garden soil|sol de jardin|438296
water withdrawals|prélèvements d_eau|469112
water withdrawals|prélèvements d_eau|469003
water withdrawals|prélèvements d_eau|469035
water withdrawals|prélèvements d_eau|469463
water withdrawals|prélèvements d_eau|469193
water withdrawals|prélèvements d_eau|469177
water withdrawals|prélèvements d_eau|469511
water withdrawals|prélèvements d_eau|469543
water withdrawals|prélèvements d_eau|469559
water withdrawals|prélèvements d_eau|469495
water withdrawals|prélèvements d_eau|469209
water withdrawals|prélèvements d_eau|469400
water withdrawals|prélèvements d_eau|469527
water withdrawals|prélèvements d_eau|469336
water withdrawals|prélèvements d_eau|469225
water withdrawals|prélèvements d_eau|468987
water withdrawals|prélèvements d_eau|469320
water withdrawals|prélèvements d_eau|468971
brown soil|sol brun|467084
brown soil|sol brun|497664
brown soil|sol brun|482024
brown soil|sol brun|521170
brown soil|sol brun|467353
brown soil|sol brun|467385
brown soil|sol brun|497747
brown soil|sol brun|497763
brown soil|sol brun|467337
brown soil|sol brun|467287
brown soil|sol brun|497633
brown soil|sol brun|497697
brown soil|sol brun|467255
brown soil|sol brun|467369
brown soil|sol brun|497601
brown soil|sol brun|497617
brown soil|sol brun|467271
* HD Reisolement 187|* Réisolement HD 187|472615
* HD Reisolement 187|* Réisolement HD 187|472450
* HD Reisolement 187|* Réisolement HD 187|472435
* HD Reisolement 187|* Réisolement HD 187|472600
* HD Reisolement 187|* Réisolement HD 187|471556
* HD Reisolement 187|* Réisolement HD 187|472375
* HD Reisolement 187|* Réisolement HD 187|472465
* HD Reisolement 187|* Réisolement HD 187|472585
* HD Reisolement 187|* Réisolement HD 187|472555
* HD Reisolement 187|* Réisolement HD 187|472510
* HD Reisolement 187|* Réisolement HD 187|472525
* HD Reisolement 187|* Réisolement HD 187|472480
* HD Reisolement 187|* Réisolement HD 187|471541
* HD Reisolement 187|* Réisolement HD 187|472540
* HD Reisolement 187|* Réisolement HD 187|472570
* HD Reisolement 187|* Réisolement HD 187|472390
Patients|Malades|439857
Patients|Malades|439888
Patients|Malades|440000
Patients|Malades|439952
Patients|Malades|439984
Patients|Malades|440095
Patients|Malades|439920
Patients|Malades|440032
Patients|Malades|439904
Patients|Malades|440079
Patients|Malades|440111
Patients|Malades|439936
Patients|Malades|439968
Patients|Malades|440063
* sheep's fleece|* toison de mouton|498317
* sheep's fleece|* toison de mouton|498498
* sheep's fleece|* toison de mouton|498468
* sheep's fleece|* toison de mouton|498393
* sheep's fleece|* toison de mouton|498272
* sheep's fleece|* toison de mouton|498483
* sheep's fleece|* toison de mouton|498438
* sheep's fleece|* toison de mouton|498423
* sheep's fleece|* toison de mouton|498302
* sheep's fleece|* toison de mouton|498408
* sheep's fleece|* toison de mouton|498347
* sheep's fleece|* toison de mouton|498453
* sheep's fleece|* toison de mouton|498332
* sheep's fleece|* toison de mouton|498287
* commercial preparation|* préparation commerciale|456617
* commercial preparation|* préparation commerciale|456542
* commercial preparation|* préparation commerciale|456648
* commercial preparation|* préparation commerciale|456678
* commercial preparation|* préparation commerciale|456572
* commercial preparation|* préparation commerciale|456708
* commercial preparation|* préparation commerciale|456587
* commercial preparation|* préparation commerciale|456663
* commercial preparation|* préparation commerciale|456723
* commercial preparation|* préparation commerciale|456602
* commercial preparation|* préparation commerciale|456557
* commercial preparation|* préparation commerciale|456693
Lai thieu village, THUAN AN district|Bourg de Lai thieu, arrondissement de THUAN AN|498128
Lai thieu village, THUAN AN district|Bourg de Lai thieu, arrondissement de THUAN AN|498080
Lai thieu village, THUAN AN district|Bourg de Lai thieu, arrondissement de THUAN AN|498255
Lai thieu village, THUAN AN district|Bourg de Lai thieu, arrondissement de THUAN AN|498239
Lai thieu village, THUAN AN district|Bourg de Lai thieu, arrondissement de THUAN AN|498207
Lai thieu village, THUAN AN district|Bourg de Lai thieu, arrondissement de THUAN AN|498176
Lai thieu village, THUAN AN district|Bourg de Lai thieu, arrondissement de THUAN AN|498160
Lai thieu village, THUAN AN district|Bourg de Lai thieu, arrondissement de THUAN AN|498112
Lai thieu village, THUAN AN district|Bourg de Lai thieu, arrondissement de THUAN AN|498144
Lai thieu village, THUAN AN district|Bourg de Lai thieu, arrondissement de THUAN AN|498096
Lai thieu village, THUAN AN district|Bourg de Lai thieu, arrondissement de THUAN AN|498223
dead mosquito larva|larve de moustique morte|503628
dead mosquito larva|larve de moustique morte|503660
dead mosquito larva|larve de moustique morte|503692
dead mosquito larva|larve de moustique morte|503723
dead mosquito larva|larve de moustique morte|503739
dead mosquito larva|larve de moustique morte|503817
dead mosquito larva|larve de moustique morte|503676
dead mosquito larva|larve de moustique morte|503612
dead mosquito larva|larve de moustique morte|503849
dead mosquito larva|larve de moustique morte|503644
dead mosquito larva|larve de moustique morte|503833
* pepper powder|* poivre en poudre|495478
* pepper powder|* poivre en poudre|495403
* pepper powder|* poivre en poudre|495358
* pepper powder|* poivre en poudre|495448
* pepper powder|* poivre en poudre|495523
* pepper powder|* poivre en poudre|495508
* pepper powder|* poivre en poudre|495463
* pepper powder|* poivre en poudre|495493
* pepper powder|* poivre en poudre|495418
* pepper powder|* poivre en poudre|495343
* pepper powder|* poivre en poudre|495433
sputum|expectoration|26978
sputum|expectoration|29956
sputum|expectoration|34097
sputum|expectoration|25166
sputum|expectoration|29785
sputum|expectoration|25758
sputum|expectoration|32004
sputum|expectoration|30769
sputum|expectoration|549832
sputum|expectoration|31832
sputum|expectoration|27475
mosquito larva|larve de moustique|444215
mosquito larva|larve de moustique|444862
mosquito larva|larve de moustique|444153
mosquito larva|larve de moustique|444138
mosquito larva|larve de moustique|444816
mosquito larva|larve de moustique|444366
mosquito larva|larve de moustique|444561
mosquito larva|larve de moustique|493045
mosquito larva|larve de moustique|483215
mosquito larva|larve de moustique|444123
cultivated land|terre cultivée|511274
cultivated land|terre cultivée|511454
cultivated land|terre cultivée|511112
cultivated land|terre cultivée|511144
cultivated land|terre cultivée|511422
cultivated land|terre cultivée|511406
cultivated land|terre cultivée|511224
cultivated land|terre cultivée|511160
cultivated land|terre cultivée|511128
cultivated land|terre cultivée|511340
* fresh cheese|* fromage frais|510930
* fresh cheese|* fromage frais|511066
* fresh cheese|* fromage frais|510990
* fresh cheese|* fromage frais|511005
* fresh cheese|* fromage frais|510975
* fresh cheese|* fromage frais|510960
* fresh cheese|* fromage frais|511081
* fresh cheese|* fromage frais|510945
* fresh cheese|* fromage frais|511051
* fresh cheese|* fromage frais|511020
*raw materials for shampoos|*matières premières shampoings|486523
*raw materials for shampoos|*matières premières shampoings|466718
*raw materials for shampoos|*matières premières shampoings|461415
*raw materials for shampoos|*matières premières shampoings|433838
*raw materials for shampoos|*matières premières shampoings|526443
*raw materials for shampoos|*matières premières shampoings|461445
*raw materials for shampoos|*matières premières shampoings|456079
*raw materials for shampoos|*matières premières shampoings|433712
*raw materials for shampoos|*matières premières shampoings|459268
*raw materials for shampoos|*matières premières shampoings|525409
* Guérande mudflat|* vasière Guérande|511595
* Guérande mudflat|* vasière Guérande|519290
* Guérande mudflat|* vasière Guérande|441190
* Guérande mudflat|* vasière Guérande|456002
* Guérande mudflat|* vasière Guérande|441674
* Guérande mudflat|* vasière Guérande|511534
* Guérande mudflat|* vasière Guérande|511580
* Guérande mudflat|* vasière Guérande|511610
* Guérande mudflat|* vasière Guérande|511549
* Guérande mudflat|* vasière Guérande|519426
* wheat grains|* grains de blé|449199
* wheat grains|* grains de blé|449094
* wheat grains|* grains de blé|449184
* wheat grains|* grains de blé|449214
* wheat grains|* grains de blé|449109
* wheat grains|* grains de blé|449079
* wheat grains|* grains de blé|449169
* wheat grains|* grains de blé|449154
* wheat grains|* grains de blé|449124
rice field soil after harvest|sol de rizière après récolte|486539
rice field soil after harvest|sol de rizière après récolte|487261
rice field soil after harvest|sol de rizière après récolte|487198
rice field soil after harvest|sol de rizière après récolte|486958
rice field soil after harvest|sol de rizière après récolte|486845
rice field soil after harvest|sol de rizière après récolte|487118
rice field soil after harvest|sol de rizière après récolte|487102
rice field soil after harvest|sol de rizière après récolte|487086
rice field soil after harvest|sol de rizière après récolte|487006
earth|terre|434210
earth|terre|511470
earth|terre|511241
earth|terre|434226
earth|terre|511192
earth|terre|511176
earth|terre|511372
earth|terre|511356
sputum|sputums|33192
sputum|sputums|34172
sputum|sputums|34188
sputum|sputums|33336
sputum|sputums|33615
sputum|sputums|34336
sputum|sputums|34380
sputum|sputums|33395
Mosquito larva|Larve de moustique|524770
Mosquito larva|Larve de moustique|433484
Mosquito larva|Larve de moustique|523752
Mosquito larva|Larve de moustique|444396
Mosquito larva|Larve de moustique|460081
Mosquito larva|Larve de moustique|443360
Mosquito larva|Larve de moustique|520721
Mosquito larva|Larve de moustique|443420
Nhi thanh village, THU THUA district|village de Nhi thanh, arrondissement de THU THUA|504907
Nhi thanh village, THU THUA district|village de Nhi thanh, arrondissement de THU THUA|504875
Nhi thanh village, THU THUA district|village de Nhi thanh, arrondissement de THU THUA|504843
Nhi thanh village, THU THUA district|village de Nhi thanh, arrondissement de THU THUA|504891
Nhi thanh village, THU THUA district|village de Nhi thanh, arrondissement de THU THUA|504827
Nhi thanh village, THU THUA district|village de Nhi thanh, arrondissement de THU THUA|504859
Nhi thanh village, THU THUA district|village de Nhi thanh, arrondissement de THU THUA|504794
Nhi thanh village, THU THUA district|village de Nhi thanh, arrondissement de THU THUA|504763
* tobacco|* tabac|512640
* tobacco|* tabac|434001
* tobacco|* tabac|512655
* tobacco|* tabac|512040
* tobacco|* tabac|433696
* tobacco|* tabac|433905
* tobacco|* tabac|512625
* tobacco|* tabac|512610
* corks|* bouchons de liège|446113
* corks|* bouchons de liège|446098
* corks|* bouchons de liège|446068
* corks|* bouchons de liège|446083
* corks|* bouchons de liège|446128
* corks|* bouchons de liège|446143
* corks|* bouchons de liège|446174
* corks|* bouchons de liège|446053
* Laboratory culture|* Culture laboratoire|471285
* Laboratory culture|* Culture laboratoire|471450
* Laboratory culture|* Culture laboratoire|471375
* Laboratory culture|* Culture laboratoire|471345
* Laboratory culture|* Culture laboratoire|471270
* Laboratory culture|* Culture laboratoire|471390
* Laboratory culture|* Culture laboratoire|471360
* uncultivated soil|* sol non cultivé|518167
* uncultivated soil|* sol non cultivé|517986
* uncultivated soil|* sol non cultivé|517675
* uncultivated soil|* sol non cultivé|461615
* uncultivated soil|* sol non cultivé|518197
* uncultivated soil|* sol non cultivé|517803
* uncultivated soil|* sol non cultivé|518182
* sheep's wool|* laine de mouton|460711
* sheep's wool|* laine de mouton|460681
* sheep's wool|* laine de mouton|460651
* sheep's wool|* laine de mouton|460773
* sheep's wool|* laine de mouton|460788
* sheep's wool|* laine de mouton|460696
* sheep's wool|* laine de mouton|460742
Culicidae larvae (dead)|Culicidae larvae (morte)|483990
Culicidae larvae (dead)|Culicidae larvae (morte)|484145
Culicidae larvae (dead)|Culicidae larvae (morte)|483622
Culicidae larvae (dead)|Culicidae larvae (morte)|483576
Culicidae larvae (dead)|Culicidae larvae (morte)|483591
Culicidae larvae (dead)|Culicidae larvae (morte)|484021
Culicidae larvae (dead)|Culicidae larvae (morte)|483561
Bombyx mori cocoon|cocon Bombyx mori|508701
Bombyx mori cocoon|cocon Bombyx mori|508475
Bombyx mori cocoon|cocon Bombyx mori|508821
Bombyx mori cocoon|cocon Bombyx mori|508806
Bombyx mori cocoon|cocon Bombyx mori|508625
Bombyx mori cocoon|cocon Bombyx mori|508460
Bombyx mori cocoon|cocon Bombyx mori|508973
* Air contaminant|* Contaminant de l'air|472706
* Air contaminant|* Contaminant de l'air|473317
* Air contaminant|* Contaminant de l'air|472691
* Air contaminant|* Contaminant de l'air|473287
* Air contaminant|* Contaminant de l'air|472721
* Air contaminant|* Contaminant de l'air|473302
* Soil|* Sol|513371
* Soil|* Sol|513186
* Soil|* Sol|513356
* Soil|* Sol|513201
* Soil|* Sol|513386
* Soil|* Sol|513341
forest floor|sol de forêt|513643
forest floor|sol de forêt|513708
forest floor|sol de forêt|513740
forest floor|sol de forêt|513676
forest floor|sol de forêt|513627
forest floor|sol de forêt|513692
Cattle, rumen|Bovine, rumen|305729
Cattle, rumen|Bovine, rumen|108459
Cattle, rumen|Bovine, rumen|323525
Cattle, rumen|Bovine, rumen|372390
Cattle, rumen|Bovine, rumen|372435
Cattle, rumen|Bovine, rumen|372413
yellow soil|sol jaune|516299
yellow soil|sol jaune|492542
yellow soil|sol jaune|521251
yellow soil|sol jaune|490931
yellow soil|sol jaune|467101
yellow soil|sol jaune|521091
Dental plate|Dental plaque|355264
Dental plate|Dental plaque|344863
Dental plate|Dental plaque|308618
Dental plate|Dental plaque|360489
Dental plate|Dental plaque|310505
Dental plate|Dental plaque|360313
mosquito larvae|larves de moustiques|449348
mosquito larvae|larves de moustiques|496783
mosquito larvae|larves de moustiques|449302
mosquito larvae|larves de moustiques|449333
mosquito larvae|larves de moustiques|442370
mosquito larvae|larves de moustiques|459721
Breeding Bombyx mori|Elevage Bombyx mori|476072
Breeding Bombyx mori|Elevage Bombyx mori|476087
Breeding Bombyx mori|Elevage Bombyx mori|476011
Breeding Bombyx mori|Elevage Bombyx mori|476042
Breeding Bombyx mori|Elevage Bombyx mori|475996
Breeding Bombyx mori|Elevage Bombyx mori|475981
* + 1% yeast|* + levure 1%|526474
* + 1% yeast|* + levure 1%|442586
* + 1% yeast|* + levure 1%|527063
* + 1% yeast|* + levure 1%|527033
* + 1% yeast|* + levure 1%|527078
* + 1% yeast|* + levure 1%|527048
sandy soil|sol sableux|496462
sandy soil|sol sableux|521059
sandy soil|sol sableux|496415
sandy soil|sol sableux|496446
sandy soil|sol sableux|504924
water|eau|511503
water|eau|485920
water|eau|485968
water|eau|485871
water|eau|465673
Aquatic habitat|Habitat aquatique|501729
Aquatic habitat|Habitat aquatique|501745
Aquatic habitat|Habitat aquatique|501713
Aquatic habitat|Habitat aquatique|501761
Aquatic habitat|Habitat aquatique|501777
wet soil|sol humide|495045
wet soil|sol humide|496560
wet soil|sol humide|495014
wet soil|sol humide|496495
wet soil|sol humide|496528
Rice bran|Son de riz|486990
Rice bran|Son de riz|486910
Rice bran|Son de riz|486974
Rice bran|Son de riz|486926
Rice bran|Son de riz|486894
Sheep, feces|Ovine, feces|374806
Sheep, feces|Ovine, feces|374882
Sheep, feces|Ovine, feces|374863
Sheep, feces|Ovine, feces|367073
Sheep, feces|Ovine, feces|367048
powder|poudre|441873
powder|poudre|503596
powder|poudre|517366
powder|poudre|450929
powder|poudre|441826
spider's web|toile d_araignée|494065
spider's web|toile d_araignée|493986
spider's web|toile d_araignée|494033
spider's web|toile d_araignée|494049
spider's web|toile d_araignée|494017
Dead mosquito larvae|Larves morte de moustique|503866
Dead mosquito larvae|Larves morte de moustique|503899
Dead mosquito larvae|Larves morte de moustique|503915
Dead mosquito larvae|Larves morte de moustique|503931
Dead mosquito larvae|Larves morte de moustique|503962
apple garden soil|sol de jardin pommier|436765
apple garden soil|sol de jardin pommier|436797
apple garden soil|sol de jardin pommier|436781
apple garden soil|sol de jardin pommier|436749
apple garden soil|sol de jardin pommier|436733
* cigarette tobacco|* tabac de cigarettes|456234
* cigarette tobacco|* tabac de cigarettes|525092
* cigarette tobacco|* tabac de cigarettes|456204
* cigarette tobacco|* tabac de cigarettes|435032
* cigarette tobacco|* tabac de cigarettes|444516
Soil (non-agricultural)|Sol (non agricole)|517772
Soil (non-agricultural)|Sol (non agricole)|517708
Soil (non-agricultural)|Sol (non agricole)|518212
Soil (non-agricultural)|Sol (non agricole)|517756
Soil (non-agricultural)|Sol (non agricole)|517724
Mansonia larvae (dead)|Mansonia larvae (morte)|483913
Mansonia larvae (dead)|Mansonia larvae (morte)|483928
Mansonia larvae (dead)|Mansonia larvae (morte)|483836
Mansonia larvae (dead)|Mansonia larvae (morte)|483761
Mansonia larvae (dead)|Mansonia larvae (morte)|483730
Scots pine|Pin d_Ecosse|510627
Scots pine|Pin d_Ecosse|510660
Scots pine|Pin d_Ecosse|510676
Scots pine|Pin d_Ecosse|510644
Scots pine|Pin d_Ecosse|510724
Bombyx mori cocoon|Cocon Bombyx mori|508942
Bombyx mori cocoon|Cocon Bombyx mori|508746
Bombyx mori cocoon|Cocon Bombyx mori|508686
Bombyx mori cocoon|Cocon Bombyx mori|508656
Vegetables|Légumes|522647
Vegetables|Légumes|522554
Vegetables|Légumes|522585
Vegetables|Légumes|522805
Larval site|Gîte larvaire|433744
Larval site|Gîte larvaire|501133
Larval site|Gîte larvaire|433774
Larval site|Gîte larvaire|523264
Caterpillar of Nymphalidae|Chenille de Nymphalidae|524893
Caterpillar of Nymphalidae|Chenille de Nymphalidae|524954
Caterpillar of Nymphalidae|Chenille de Nymphalidae|524939
Caterpillar of Nymphalidae|Chenille de Nymphalidae|524878
Sheep, lung|Ovine, lung|388976
Sheep, lung|Ovine, lung|355875
Sheep, lung|Ovine, lung|355914
Sheep, lung|Ovine, lung|355892
caterpillar of Ocneria disparL.|chenille de Ocneria disparL.|501516
caterpillar of Ocneria disparL.|chenille de Ocneria disparL.|524707
caterpillar of Ocneria disparL.|chenille de Ocneria disparL.|433516
caterpillar of Ocneria disparL.|chenille de Ocneria disparL.|470302
Simulium damnosum adults|Simulium damnosum adultes|520857
Simulium damnosum adults|Simulium damnosum adultes|521394
Simulium damnosum adults|Simulium damnosum adultes|521347
Simulium damnosum adults|Simulium damnosum adultes|521203
Lepidoptera (larvae)|Lépidoptères (larves)|508881
Lepidoptera (larvae)|Lépidoptères (larves)|508230
Lepidoptera (larvae)|Lépidoptères (larves)|508107
Lepidoptera (larvae)|Lépidoptères (larves)|508927
tobacco|tabac|434096
tobacco|tabac|526774
tobacco|tabac|438981
tobacco|tabac|451162
garden soil|terre de jardin|511438
garden soil|terre de jardin|445368
garden soil|terre de jardin|445501
garden soil|terre de jardin|445484
Larva of Lymantria monacha|Larve de Lymantria monacha|510562
Larva of Lymantria monacha|Larve de Lymantria monacha|510578
Larva of Lymantria monacha|Larve de Lymantria monacha|510610
Larva of Lymantria monacha|Larve de Lymantria monacha|510594
Tract, intestine|Tractus, intestine|93828
Tract, intestine|Tractus, intestine|93852
Tract, intestine|Tractus, intestine|93807
Tract, intestine|Tractus, intestine|93873
sludge|boue|516345
sludge|boue|498589
sludge|boue|442634
sludge|boue|498943
larva of Simulium pertinax|larve de Simulium pertinax|496223
larva of Simulium pertinax|larve de Simulium pertinax|496207
larva of Simulium pertinax|larve de Simulium pertinax|496174
larva of Simulium pertinax|larve de Simulium pertinax|496158
Contaminating air|Air contaminant|201692
Contaminating air|Air contaminant|314374
Contaminating air|Air contaminant|134968
Contaminating air|Air contaminant|410305
running water, spring 300m altitude|eau courante, source 300m altitude|450097
running water, spring 300m altitude|eau courante, source 300m altitude|450066
running water, spring 300m altitude|eau courante, source 300m altitude|450050
running water, spring 300m altitude|eau courante, source 300m altitude|450130
sea water|eau de mer|8131245
sea water|eau de mer|450780
sea water|eau de mer|450764
sea water|eau de mer|450748
insect larva|larve insecte|501975
insect larva|larve insecte|501991
insect larva|larve insecte|502024
insect larva|larve insecte|501959
* pepper|* poivre|495615
* pepper|* poivre|495570
* pepper|* poivre|495585
* pepper|* poivre|495600
COMMERCIAL BLACK PEPPER|POIVRE NOIR COMMERCIAL|496880
COMMERCIAL BLACK PEPPER|POIVRE NOIR COMMERCIAL|496896
COMMERCIAL BLACK PEPPER|POIVRE NOIR COMMERCIAL|496912
COMMERCIAL BLACK PEPPER|POIVRE NOIR COMMERCIAL|496928
Air pollution|Pollution de l'air|486327
Air pollution|Pollution de l'air|486189
Air pollution|Pollution de l'air|486280
Air pollution|Pollution de l'air|486403
*Laboratory culture|*Culture laboratoire|471587
*Laboratory culture|*Culture laboratoire|471723
*Laboratory culture|*Culture laboratoire|471678
*Laboratory culture|*Culture laboratoire|471617
* lizard droppings|* excréments de lézard|514253
* lizard droppings|* excréments de lézard|514283
* lizard droppings|* excréments de lézard|514268
* lizard droppings|* excréments de lézard|514238
seeds|graines|495646
seeds|graines|495662
seeds|graines|495694
seeds|graines|495678
*soil|*sol|513445
*soil|*sol|526821
*soil|*sol|502590
*soil|*sol|491834
field|champ|480227
field|champ|480259
field|champ|480178
field|champ|480243
* North Dakota soil|* Sol Nord Dakota|459813
* North Dakota soil|* Sol Nord Dakota|459783
* North Dakota soil|* Sol Nord Dakota|459798
* North Dakota soil|* Sol Nord Dakota|459828
red soil|sol rouge|468447
red soil|sol rouge|468431
red soil|sol rouge|521075
red soil|sol rouge|468415
* rice soils|* sols rizières|466914
* rice soils|* sols rizières|466899
* rice soils|* sols rizières|466884
* rice soils|* sols rizières|466975
Human, respiratory tract|Human, respiratory tractus|541814
Human, respiratory tract|Human, respiratory tractus|540971
Human, respiratory tract|Human, respiratory tractus|541348
Human, respiratory tract|Human, respiratory tractus|541733
Feces Carrying|Portage Feces|8055882
Feces Carrying|Portage Feces|8054994
Feces Carrying|Portage Feces|8056013
water sample of the town of Mo cay|échantillon d_eau du Bourg de Mo cay|499476
water sample of the town of Mo cay|échantillon d_eau du Bourg de Mo cay|499460
water sample of the town of Mo cay|échantillon d_eau du Bourg de Mo cay|499411
lepidopteran larvae|larves lepidoptères|508308
lepidopteran larvae|larves lepidoptères|508444
lepidopteran larvae|larves lepidoptères|508384
Pigs|Porcine|171969
Pigs|Porcine|173616
Pigs|Porcine|8116741
dead larva of the date moth Ectomylois ceratoniae|larve morte de la pyrale des dattes Ectomylois ceratoniae|450279
dead larva of the date moth Ectomylois ceratoniae|larve morte de la pyrale des dattes Ectomylois ceratoniae|450295
dead larva of the date moth Ectomylois ceratoniae|larve morte de la pyrale des dattes Ectomylois ceratoniae|450248
* stagnant water|* eau stagnante|484175
* stagnant water|* eau stagnante|484235
* stagnant water|* eau stagnante|484281
dead culicine larva|larve morte de culicine|484130
dead culicine larva|larve morte de culicine|484100
dead culicine larva|larve morte de culicine|483975
Forest livery|Livrée des forêts|497198
Forest livery|Livrée des forêts|497213
Forest livery|Livrée des forêts|497183
Dead Balania larva|Larve morte de Balania|516753
Dead Balania larva|Larve morte de Balania|516738
Dead Balania larva|Larve morte de Balania|458299
Colorado beetle|Doryphore|459299
Colorado beetle|Doryphore|459329
Colorado beetle|Doryphore|460635
Sound, millet|Sound, mil|93782
Sound, millet|Sound, mil|93440
Sound, millet|Sound, mil|93759
* RL-TC extract (sorbate)|* extrait de RL-TC (sorbate)|516206
* RL-TC extract (sorbate)|* extrait de RL-TC (sorbate)|516176
* RL-TC extract (sorbate)|* extrait de RL-TC (sorbate)|516161
marine sludge|boues marines|441433
marine sludge|boues marines|441629
marine sludge|boues marines|441614
Soil, savanna|Soil, savana|515507
Soil, savanna|Soil, savana|515556
Soil, savanna|Soil, savana|515523
Heliothis zea breeding|Elevage d_Heliothis zea|517925
Heliothis zea breeding|Elevage d_Heliothis zea|517849
Heliothis zea breeding|Elevage d_Heliothis zea|517864
dead larvae of Helicoverpa armigera|larves mortes de Helicoverpa armigera|502122
dead larvae of Helicoverpa armigera|larves mortes de Helicoverpa armigera|502222
dead larvae of Helicoverpa armigera|larves mortes de Helicoverpa armigera|502253
Soil, cellar|Soil, cave|397657
Soil, cellar|Soil, cave|409260
Soil, cellar|Soil, cave|144876
* laboratory contamination|* contamination laboratoire|466288
* laboratory contamination|* contamination laboratoire|466304
* laboratory contamination|* contamination laboratoire|466319
tomato|tomate|485594
tomato|tomate|485657
tomato|tomate|485625
Slug|Limace|492966
Slug|Limace|493171
Slug|Limace|492933
Plodia interpunctella breeding|Elevage Plodia interpunctella|473120
Plodia interpunctella breeding|Elevage Plodia interpunctella|473257
Plodia interpunctella breeding|Elevage Plodia interpunctella|473105
* Air contaminant|* Contaminant de l_air|473394
* Air contaminant|* Contaminant de l_air|473364
* Air contaminant|* Contaminant de l_air|473409
Larva of Dociostaurus maroccanus|Larve de Dociostaurus maroccanus|464016
Larva of Dociostaurus maroccanus|Larve de Dociostaurus maroccanus|464001
Larva of Dociostaurus maroccanus|Larve de Dociostaurus maroccanus|463986
* Blood culture|* Hémoculture|513154
* Blood culture|* Hémoculture|514438
* Blood culture|* Hémoculture|499492
Pericarditis lesions in ducklings|Lésions péricardite de canetons|445272
Pericarditis lesions in ducklings|Lésions péricardite de canetons|445303
Pericarditis lesions in ducklings|Lésions péricardite de canetons|445256
rice field soil|sol de rizière|520394
rice field soil|sol de rizière|520360
rice field soil|sol de rizière|520260
wheat field|champ blé|501942
wheat field|champ blé|502072
wheat field|champ blé|502040
* Quebec soil|* sol du Québec|481736
* Quebec soil|* sol du Québec|516330
* Quebec soil|* sol du Québec|520751
Lepidiota stigma (pupae)|Lepidiota stigma (pupes)|492575
Lepidiota stigma (pupae)|Lepidiota stigma (pupes)|492605
Lepidiota stigma (pupae)|Lepidiota stigma (pupes)|492635
Lepidiota stigma (pupa)|Lepidiota stigma (pupe)|492760
Lepidiota stigma (pupa)|Lepidiota stigma (pupe)|492559
Lepidiota stigma (pupa)|Lepidiota stigma (pupe)|492590
tertiary rock, 20cm deep.|roche tertiaire, 20cm prof.|449698
tertiary rock, 20cm deep.|roche tertiaire, 20cm prof.|449682
tertiary rock, 20cm deep.|roche tertiaire, 20cm prof.|449666
Sheep|Ovine|190189
Sheep|Ovine|190154
Sheep|Ovine|190173
sandy|solsableux|504941
sandy|solsableux|504987
sandy|solsableux|505003
Culicinae larvae (dead)|Culicinae larvae (morte)|484403
Culicinae larvae (dead)|Culicinae larvae (morte)|484388
Culicinae larvae (dead)|Culicinae larvae (morte)|483638
mosquitoes|moustiques|524478
mosquitoes|moustiques|524692
mosquitoes|moustiques|433224
water sample from Phuoc kien Village|échantillon d_eau du Village de Phuoc kien|490818
water sample from Phuoc kien Village|échantillon d_eau du Village de Phuoc kien|490869
water sample from Phuoc kien Village|échantillon d_eau du Village de Phuoc kien|490785
Larvae of Pectinophora gossypiella|Larves de Pectinophora gossypiella|440425
Larvae of Pectinophora gossypiella|Larves de Pectinophora gossypiella|440523
Larvae of Pectinophora gossypiella|Larves de Pectinophora gossypiella|440555
*sheep's wool|*laine de mouton|460803
*sheep's wool|*laine de mouton|460727
Contaminant culture|Culture contaminant|309658
Contaminant culture|Culture contaminant|154678
phosphate rock|roche de phosphate|450164
phosphate rock|roche de phosphate|450197
phosphate rock, 381m depth|roche de phosphate brut, 381m profondeur|450462
phosphate rock, 381m depth|roche de phosphate brut, 381m profondeur|450431
Galleria mellonella (dead)|Galleria mellonella (mortes)|521795
Galleria mellonella (dead)|Galleria mellonella (mortes)|490432
Galleria mellonella (live)|Galleria mellonella (vivantes)|525122
Galleria mellonella (live)|Galleria mellonella (vivantes)|523512
Culex incidens larva|Larve Culex incidens|490161
Culex incidens larva|Larve Culex incidens|513595
dipteran larva|larve de diptère|511291
dipteran larva|larve de diptère|511307
insect larva: Tribolium sp.|larve d_insecte: Tribolium sp.|440848
insect larva: Tribolium sp.|larve d_insecte: Tribolium sp.|440686
sand 300m above sea level, depth 40cm|sable 300m d_altitude, profondeur 40cm|449914
sand 300m above sea level, depth 40cm|sable 300m d_altitude, profondeur 40cm|449883
Culex sp. larvae|larves Culex sp.|491955
Culex sp. larvae|larves Culex sp.|492286
Larvae of Earias insulana|Larves de Earias insulana|440441
Larvae of Earias insulana|Larves de Earias insulana|440457
Earis insulana larvae|Larves de Earis insulana|440359
Earis insulana larvae|Larves de Earis insulana|440375
Larvae of Rhigopsidius tucumanus (Beetle)|Larves de Rhigopsidius tucumanus (Coléoptère)|517579
Larvae of Rhigopsidius tucumanus (Beetle)|Larves de Rhigopsidius tucumanus (Coléoptère)|505669
gastric fluid|gastrique fluid|31717
gastric fluid|gastrique fluid|30369
dead larvae of Ephestia kuheniela|larves mortes de Ephestia kuheniela|450863
dead larvae of Ephestia kuheniela|larves mortes de Ephestia kuheniela|450879
Attacidae (caterpillars)|Attacidae (chenilles)|523435
Attacidae (caterpillars)|Attacidae (chenilles)|476027
* self-vaccine|* autovaccin|514609
* self-vaccine|* autovaccin|469794
CASSÉ black soil|CASSÉ sol noir|479393
CASSÉ black soil|CASSÉ sol noir|482056
Cicada (larvae)|Cigale (larves)|433043
Cicada (larvae)|Cigale (larves)|432870
larval site|gîte larvaire|458717
larval site|gîte larvaire|458732
larval site (mud)|gite larvaire (boue)|498647
larval site (mud)|gite larvaire (boue)|498574
blood|sang|8055508
blood|sang|8056174
*Marlboro cigarette Italy|*Cigarette Marlboro Italie|500487
*Marlboro cigarette Italy|*Cigarette Marlboro Italie|500502
Cirphis, Chrysalis|Cirphis, Chrysalide|458267
Cirphis, Chrysalis|Cirphis, Chrysalide|458235
Glossina|Glossine|520644
Glossina|Glossine|484419
* silkworm litter|* litière de vers à soie|432838
* silkworm litter|* litière de vers à soie|432853
B. mori litter|litières B. mori|432264
B. mori litter|litières B. mori|523067
Human, acorn|Human, gland|140453
Human, acorn|Human, gland|23258
Lobesia botrana (dead farmed larva)|Lobesia botrana (larve d_élevage morte)|502363
Lobesia botrana (dead farmed larva)|Lobesia botrana (larve d_élevage morte)|502378
sediment 50cm deep|sédiment 50cm de profondeur|449381
sediment 50cm deep|sédiment 50cm de profondeur|449365
sediment 80cm from the surface, sandy horizon|sédiment 80cm de la superficie, horizon sableux|449415
sediment 80cm from the surface, sandy horizon|sédiment 80cm de la superficie, horizon sableux|449431
* lake sediments|* sédiments de lac|527246
* lake sediments|* sédiments de lac|432247
Shallow water hydrothermal winds|Shallow water hydrothermal vents|82224
Shallow water hydrothermal winds|Shallow water hydrothermal vents|82202
* Mediterranean Sea off Toulon|* méditerranée large Toulon|433550
* Mediterranean Sea off Toulon|* méditerranée large Toulon|433333
Environment, freshwater|Environnment, freshwater|6638049
Environment, freshwater|Environnment, freshwater|6647844
Red moths|Mites rouges|498782
Red moths|Mites rouges|498856
mollusc|mollusque|458950
mollusc|mollusque|458965
muddy compost|compost boueux|445401
muddy compost|compost boueux|445385
Soil, ginseng crops|Soil, ginseng cultures|148270
Soil, ginseng crops|Soil, ginseng cultures|148252
study + 0.5% yeast|etude + levure 0.5%|451057
study + 0.5% yeast|etude + levure 0.5%|451042
conjunctival|conjonctival|33308
conjunctival|conjonctival|33177
* blood culture|* hémoculture|500671
* blood culture|* hémoculture|460372
* forest soil|* sol de forêt|466136
* forest soil|* sol de forêt|434590
* soil (spreading)|* sol (épandage)|482278
* soil (spreading)|* sol (épandage)|482293
drill soil|sol foret|515731
drill soil|sol foret|515715
grassy soil|sol herbeux|505020
grassy soil|sol herbeux|505036
purple soil|sol pourpre|516100
purple soil|sol pourpre|515977
sample contamination|contamination d'échantillon|484266
sample contamination|contamination d'échantillon|484006
*contamination of mice|*contamination de souris|527595
*contamination of mice|*contamination de souris|527580
Sample contamination|Contamination échantillon|484190
Sample contamination|Contamination échantillon|484037
* pumping station|* station de pompage|486373
* pumping station|* station de pompage|486296
Human, sputum, non-cystic fibrosis patient|Human, sputum, non cystic fibrosis patient|4342836
Human, sputum, non-cystic fibrosis patient|Human, sputum, non cystic fibrosis patient|4340430
Oryctes (larvae)|Oryctes (larves)|469416
Oryctes (larvae)|Oryctes (larves)|433421
cabbage leaf|feuille de chou|456923
cabbage leaf|feuille de chou|456939
Human, gastric biopsies mucosa|Human, stomach gastric biopsies mucosa|152404
Human, gastric biopsies mucosa|Human, stomach gastric biopsies mucosa|152448
Sub-desert soil|Subdesert soil|120607
Sub-desert soil|Subdesert soil|120626
mangrove leaf|feuille de mangrove|481880
mangrove leaf|feuille de mangrove|481864
Ovine breed|Ovine race|128377
Ovine breed|Ovine race|128136
Oxycarenus hyalinipennis (adult)|Oxycarenus hyalinipennis (adulte)|502301
Oxycarenus hyalinipennis (adult)|Oxycarenus hyalinipennis (adulte)|502316
Human, tracheal exudate|Human, tracheal exsudate|221140
Human, tracheal exudate|Human, tracheal exsudate|220276
Human, urinary tract|Human, urinary tractus|542831
Human, urinary tract|Human, urinary tractus|543379
Human, urinary tract|Human, urine tractus|4894214
Human, urinary tract|Human, urine tractus|4895076
tomatoes|tomates|485691
tomatoes|tomates|485707
Oblique bar moth|Tordeuse à barre oblique|518327
Oblique bar moth|Tordeuse à barre oblique|518311
Human, cock|Human, bite|294397
Human, cock|Human, bite|298956
*larval deposit mud|*boue de gîte larvaire|441921
*larval deposit mud|*boue de gîte larvaire|441906
fresh water|eau douce|450147
fresh water|eau douce|450663
Hydrothermal feather|Hydrothermal plume|102846
Hydrothermal feather|Hydrothermal plume|102806
water from a district of Phu thuan|eau d_un quartier de Phu thuan|511672
water from a district of Phu thuan|eau d_un quartier de Phu thuan|511656
polluted water|eau polluée|496093
polluted water|eau polluée|490222
Pig, feces|Porcine, feces|209325
Pig, feces|Porcine, feces|4783959
water sample from Bourg de Nha be|échantillon d_eau de Bourg de Nha be|503317
water sample from Bourg de Nha be|échantillon d_eau de Bourg de Nha be|503351
water sample from Binh Khanh Village|échantillon d_eau du Village de Binh Khanh|449030
water sample from Binh Khanh Village|échantillon d_eau du Village de Binh Khanh|449046
flour mill dust|poussière de moulin de farine|485056
flour mill dust|poussière de moulin de farine|485072
* grain silo dust|* poussières de silo à grains|516784
* grain silo dust|* poussières de silo à grains|516769
water sample from Tan quy tay Village|échantillon d_eau du Village de Tan quy tay|518230
water sample from Tan quy tay Village|échantillon d_eau du Village de Tan quy tay|518262
Pine Processionary|Processionnaire du pin|516485
Pine Processionary|Processionnaire du pin|516470
* Termite products|* produits de Termites|470071
* Termite products|* produits de Termites|470056
insect|insecte|434112
insect|insecte|433679
Unknown insect|Insecte inconnu|432773
Unknown insect|Insecte inconnu|485007
Activated sludge|Activited sludge|376193
Activated sludge|Activited sludge|4075504
Insect larvae, Dermestes maculatus|Insects larvae, Dermestes maculatus|440718
Insect larvae, Dermestes maculatus|Insects larvae, Dermestes maculatus|440734
Pushkin Institute|Institut Pushkin|511390
Pushkin Institute|Institut Pushkin|511564
Breeding of 1 month old ducklings|Elevage de canetons de 1 mois|477226
Breeding of 1 month old ducklings|Elevage de canetons de 1 mois|498015
Human, conjunctivitis|Human, conjonctivitis|174499
Human, conjunctivitis|Human, conjonctivitis|180352
* re-isolation|* réisolement|485197
* re-isolation|* réisolement|485212
Human, cutaneous peripheral blood culture|Human, cutaneous peripheral hemoculture|6359096
Human, cutaneous peripheral blood culture|Human, cutaneous peripheral hemoculture|6359601
chicken manure|fumier de poule|485463
Galleria (corpse)|Galleria (cadavre)|467006
Galls, Oliver Tree|Galls, oliver tree|119988
larval sites|gites larvaires|522991
Larval sites|Gites larvaires|503979
Treated cottages|Gites traités|485120
Cryoconite glacier|Glacier cryoconite|111571
Goat, goat, lung|Goat, caprin, lung|419612
lentil seed|graine de lentille|485775
bean seeds|graines de haricots|485839
stored seed|graine stockée|514736
Grape must ferment at high temperature|Grape must fermenting at high temperature|135759
Guinea pig, pneumonia lung tissue|Guinea pig, pneumonie lung tissue|157501
Gut of earthworm, Apporrectodea caliginosa|Gut of earthworm, Apporrectodea  caliginosa|140674
Gypsy moth, Porthetria dispar larvae|Gypsy moth,  Porthetria dispar larvae|412228
"""""""Healthy internal stem tissue of corn, Zea mays, cultivar 'Sweet Belle'"""""""|"""""""Healthy internal stem tissue of corn, Zea mays, cultivar """"""""Sweet Belle"""""""""""""""|4642151
Healthy man, nasopharynx|Healthy man, rhinopharynx|296039
Heart of a cotton-topped tamarind|Heart of a cotton-topped tamarin|82872
blood culture|hémoculture|523481
Grassland|Herbage|335609
* metalworking oil|* huile usinage métaux|502741
Human, ascites|Human, ascite|169964
Human, biliary drain|Human, biliar drain|369679
Human, biliary drainage|Human, biliar drainage|375838
Human, duodenal biopsy|Human, biopsy duodenal|99868
Human, blood via yolk bag|Human, blood via yolk sac|327698
Human, bronchial washings|Human, bronchial  washings|362463
Human, canker|Human, chancre|271065
Human, digital|Human, digit|12593
Human, pus drainage|Human, drainage pus|3952394
Human, sputum|Human, expectoration|115448
Human, eye conjunctivitis|Human, eye conjonctivitis|173758
Human, football|Human, foot|4812549
Human, pus node|Human, ganglion pus|15248
human, gastric fluid|human, gastrique fluid|34468
Human, healthy skin|Human,  healthy skin|8087105
human hip prosthesis pus|human hip prothesis pus|24768
Human, cyst|Human, kyst|139641
Human, esophagus|Human, oesophagus|23716
Human, ovarian abcess|Human, ovarial abcess|319603
Human, peritonitis|Human, peritonite|4891645
Human, placenta|Human,  placenta|181821
Human, plate from human|Human, plaque from human|355089
Human (wept)|Human (pleura)|284938
Human, cried|Human, pleura|245972
Human, abdominal pus|Human, pus abdominal|362151
Human (nasopharynx)|Human (rhinopharynx)|324957
Human, conjunctival secretion|Human, secretion conjunctival|101676
Human, Small concretions from human lacrimal duct|Human, Small concretions from human lacrymal duct|272342
Human (spinal fluid)|Human  (spinal fluid)|104274
Human, tracheal exudate (child)|Human, tracheal exsudate (child)|224071
Human, urethral exudate|Human, urethral exsudate|8355608
Human, vagina swab|Human, vagine swab|366983
Moisten|Humidifier|22413
Hydrothermal wind|Hydrothermal vent|79139
* Hygroma of the knee|* Hygroma du genou|522790
Infected prosthesis|Infected prothesis|143623
Insect (Curculionidae beetle): Otiorhynchus|Insecte (Coléoptère Curculionidae) : Otiorhynchus|497535
Insect Beetle: Tenebrio molitor|Insecte Coléoptère : Tenebrio molitor|497585
Insect: adult female Aonidiella auranti|Insecte: femelle adulte Aonidiella auranti|440815
Hemiptera insect|insecte Hemiptera|452309
Insect: immature Planococcus citri|Insecte: immature de Planococcus citri|440832
insect eggs Spodoptera littoralis|insecte oeufs Spodoptera littoralis|505242
insect: Rhyacionia duoliana( Schiff )|insecte: Rhyacionia duoliana( Schiff )|485244
Insect larvae, Lasioderma serricorne|Insects larvae, Lasioderma serricorne|440897
Termite foregut: Kalotermes flavicollis|Intestin antérieur de termite : Kalotermes flavicollis|440980
Intestine of the entomopathogenic nematode Heterorhabditis bacteriophora|Intestine  of  the  entomopathogenic nematode Heterorhabditis  bacteriophora|113028
Termite midgut: Kalotermes flavicollis|Intestin moyen de termite : Kalotermes flavicollis|441047
Termite hindgut: Kalotermes flavicollis|Intestin postérieur de termite : Kalotermes flavicollis|441014
Bee intestines|Intestins d_abeilles|455039
garden|jardin|503771
Kalotermes flavicollis (dead adults)|Kalotermes flavicollis (adultes mort)|502347
Kefir|Kéfir|529745
larva of Anopheles acotinus|larve d_Anopheles acotinus|526459
Cassida vittata larva|larve de Cassida vittata|440292
Chorthippus bicolor larva|Larve de Chorthippus bicolor|463955
Larva of Culex stigmatosoma|Larve de Culex stigmatosoma|489760
larva of Culex tritaeniorhynchus|larve de Culex tritaeniorhynchus|523451
dead lepidopteran larva|larve de lépidoptaire  morte|467809
lepidopteran larva|larve de lépidoptère|511324
Lepidoptera larva|larve de Lépidoptère|514719
horse fly larva|larve de mouche du cheval|517628
Lemon moth larva Papilio demoleus|Larve de papillon du citron Papilio demoleus|441937
insect larva: Lasioderma serricorne|larve d_insecte: Lasioderma serricorne|440881
insect larva: Sitophilus granaris|larve d_insecte: Sitophilus granaris|440914
insect larva: Stephanoderes vulgaris|larve d_insecte: Stephanoderes vulgaris|440751
dead larva|larve morte|524191
dead larva of C. quinquefasciatus|larve morte de C. quinquefasciatus|514299
dead Culex larva|larve morte de Culex|440326
dead larva of Galleria|larve morte de Galleria|467022
Dead mosquito larva|Larve morte de moustique|503883
dead larva prays oleae bern|larve morte prays oleae bern|458917
dead larva Prays oleae bern|larve morte Prays oleae bern|458901
Larvae C. pipiens quinquefasciatus|Larves C. pipiens quinquefasciatus|461511
Larvae of Ostrinia nubilalis|Larves de Ostrinia nubilalis|440572
Larvae of Sesamia cretica|Larves de Sesamia cretica|440507
Simulium pertinax larvae|Larves de Simulium pertinax|496479
lepidopteran larvae|larves lépidoptères|508912
dead larvae|larves mortes|527517
dead larvae of Ephestia kühniella|larves mortes de Ephestia kühniella|450896
dead larvae of Ephestia kuheniela|larves mortes d_Ephestia kuheniela|450913
naturally dead larvae of the genus Semilacher|larves naturellement mortes du genre Semilacher|450363
naturally dead larvae parasite of orange trees|larves naturellement mortes parasite des orangers|450329
naturally dead larvae, parasite of orange trees|larves naturellement mortes, parasite des orangers|450312
Lasiacampidae (caterpillar)|Lasiacampidae(chenille)|523204
Lasiocampidae (caterpillars)|Lasiocampidae (chenilles)|493492
phosphate washing plant 1 at Krichet Enaam or Djebel Thelja|laverie 1 de phosphate à Krichet Enaam ou Djebel Thelja|449832
CSF, Neurosurgery|LCR, Neurosurgery|77451
Letter|Lettuce|150037
slug|limace|516722
Bombyx mori litter|litière Bombyx mori|433791
* Litter Silkworms|* Litière Vers à soie|433823
Lo'ihi hydrothermal wind|Lo'ihi hydrothermal vent|112262
Lycopersicon esculentum, stem|Lycopersicon esculentum, tige|552220
Lyophilisate|Lyophilisat|531338
Mackerel piebald|Mackerel pie|106357
Madura football|Madura foot|353185
Malacosoma neustria (dead)|Malacosoma neustria (mortes)|526791
Male shearwater|Male puffin|221395
* Cow mamma|* Mammite vache|431920
Pleocene marl, formation and Haria 40cm deep|marne pleocene, formation et Haria 40cm profondeur|450598
* Mediterranean Sea off Toulon|*méditeranée large Toulon|433662
* Mediterranean Sea off Toulon|* mediterranée large de Toulon|433289
* Mediterranean Sea off Toulon|* Méditerranée large Toulon|433272
calcareous mictite|mictite calcaire|456525
aquatic environment|milieu aquatique|501678
Milk skimmed|Milk skimed|229934
phosphate mine|mine de phosphate|449948
Phosphate mine|Mine de phosphate|450181
Phosphate mine 250m deep|Mine de phosphate 250m prof|449965
Phosphate mine 300m deep|Mine de phosphate 300m prof|449982
Phosphate mine, 375m deep|Mine de phosphate, 375m profondeur|450479
phosphate mine at Krichet Enaam or Djebel Thelja|mine de phosphate à Krichet Enaam ou Djebel Thelja|449849
Raw phosphate mine, 220m depth|Mine de phosphate brut, 220m orfondeur|450564
Rough phosphate mine, 275m deep|Mine de phosphate brut, 275m profondeur|450414
Rough phosphate mine, 380m deep|Mine de phosphate brut, 380m profondeur|450530
Mining, uranium|Mine, uranium|157892
0.2 mm filtrated seawater|0,2 mm filtrated seawater|418389
Moribund Atlantic Salmon|Moribond Atlantic Salmon|88119
Moribund coho salmon, kidney tissue|Moribund coho salmon,  kidney tissue|5420097
white fly|mouche blanche|448695
White fly|Mouche blanche|448726
Olive fly|Mouche de l'olive|435521
Dead flies|Mouches mortes|500518
mosquito|moustique|523374
* mutant of Bt-1010|* mutant de Bt-1010|455404
spontaneous mutant (exo-pigment)|mutant spontané (exo-pigment)|452646
Coconut Nata|Nata de coco|149533
nature, soil|nature, sol|520277
Noctuidae (adults)|Noctuelles (adultes)|497395
Notodontidae (caterpillars)|Notodontidae (chenilles)|520507
onion|oignon|479888
onions|oignons|485724
goslings 4s|oisons 4s|478886
Moroccan locust library|Oothèque du criquet marocain|462250
Open fracture, football|Open fracture, foot|314982
Ortosia stabilis (caterpillar)|Ortosia stabilis (chenille)|505290
Ostrinia nubilalis (caterpillar)|Ostrinia nubilalis (chenille)|464048
Sheep (brain)|Ovine (brain)|220645
perineal pus|perineale pus|25296
peripheral taking|peripherique taking|31349
small caterpillar|petite chenille|520099
phosphate rock, raw 328m deep|pierre de phosphate brut  328m de profondeur|449730
Pig, intestine|Pig, intestin|402228
Intestine Pig|Pig intestine|132809
Piglet, stomach contents|Piglet, stomachal contents|203198
Pig with exudative epidermitis|Pig with exsudative epidermitis|226351
Scots pine|Pin d'Ecosse|510741
Pine flies|Pine vole|358970
Pink bollworm (crushed larvae)|Pink bollworm (larves écrasées)|476647
plant|plante|486015
parasitized plant|plante parasitée|486032
Plaster wall surface of 1300 year old mural paintings inside the stone chamber of Takamatsuzuka Tumulus|Plaster wall surface of 1300 year old mural paintings inside  the stone chamber of Takamatsuzuka Tumulus|7953927
pepper|poivre|495631
pepper powder|poivre en poudre|495327
* air pollution|* pollution air|486343
Potato damaged by Rhigopsidius t. larvae|Pomme de terre endommagée par larves de Rhigopsidius t.|517611
Liver puncture|Ponction du foie|8055217
Pond, cyanobacterial material|Pond, cyanobacterial  material|84682
Spawning and stagnant water|Ponte et eau stagnante|520243
Pig, brain|Porcine, brain|386061
Pork chops, irradiated to a dose of 1.75 kGY|Pork chops, irradiated to a dose of 1.75  kGY|404615
Carrying Feces (hen)|Portage Feces (poule)|8055721
Porthetria dispar (live)|Porthetria dispar  (vivantes)|476710
* powder|* poudre|516690
*tomato powder|*poudre de tomates|456049
mill dust|poussière de moulin|519822
sorghum dust|poussière de sorgho|494115
rice dust|poussières de riz|520428
grain silo dust|poussières de silos à grains|520226
* Bronchial swab|* Prélévement bronchique|513139
air sampling|prélèvement d'air|434243
* throat swab|* prélèvement de gorge|510914
Premature newborn, umbilicus|Premature newborn, ombilicus|11888
Premature newborn, nasopharyngeal aspiration|Premature newborn, rhinopharyngeal aspiration|9514
close nitritollens|proche nitritollens|459601
water protection|protection eau|461107
* Sump|* Puisard|446842
tarnished bedbug|punaise terne|435861
Dead mosquito pupae|Pupes de moustique mortes|489901
Vegetable purée|Purée de légumes|523281
* self-vaccinating pus|* pus autovaccin|518537
cabbageworm|pyéride du chou|510822
rat dick|rat bite|31703
* Re-isolation of HD 73|* Réisolement de HD 73|478131
* Re-isolation PG 14|* Réisolement  PG 14|466366
crushed phosphate rock (on carpet)|roche de phosphate broyée (sur tapis)|450214
raw phosphate rock|roche de phosphate brut|450581
phosphate rock, 220m depth|roche de phosphate brut, 220m profondeur|450547
phosphate rock, 380m depth|roche de phosphate brut, 380m profondeur|450513
phosphate rock, 384m deep|roche de phosphate brut, 384m de profondeur|450397
phosphate rock, 80m depth|roche de phosphate brut, 80m profondeur|450496
phosphate rock from the mine|roche de phosphate brut de mine|450380
Roots of a willow tree, more than 3 m tall, growing on hillside silt soil|Roots of a willow tree, more than 3 m tall, growing on hillside silt soil|154800
sand|sable|452789
sand 700m above sea level, depth 40cm|sable 700m d_altitude, profondeur 40cm|449931
grasshopper|sauterelle|474452
Seawater by enrichment with allantoin|Seawater by enrichment with allantoïn|212446
Seawater, and a depth of 5000 meter|Seawater, et a depth of 5000 meter|106898
Seaweed, coastal zone|Seaweed, littoral zone|338360
Sebaceous acorn|Sebaceous gland|204711
sediment 30cm from the surface, sandy horizon|sédiment 30cm de la superficie, horizon sableux|449465
sediment 60cm from the surface, sandy horizon|sédiment 60cm de la superficie, horizon sableux|449448
Sediment core sample collected at a depth of 2247 m|Sediment core sample collected at a depth of 2247 m|142980
dam sediments, 0-30cm deep, under 7-10m water|sédiments de barrage, 0-30cm prof, sous 7-10m eau|449482
Sediment SM10 50cm deep|Sédiment SM10 50cm profondeur|449398
Chôtt el Fajjej salt, bottom side of layer -10cm|sel de Chôtt el Fajjej, face inf. de couche -10cm|449747
sandy salt, 10cm deep, Chott el Jerid|sel sableux, 10cm prof., Chott el Jerid|449815
Sesamia cretica (larva)|Sesamia cretica (larve)|456126
Sewage water; enrichment with 2-methylnaphthalene|Sewage water; enrichment with 2-methylnaphtalene|367499
Sheep, infected acorn|Sheep, infected gland|6985924
Sheep, umbilical abscess|Sheep, ombilical abscess|190528
* Grain silo|* Silo à grains|513263
Soil, grassland|Soil, prair|146383
Soil sample collected in an industrial stream|Soil  sample  collected  in  an  industrial stream|123955
Soil, storage for potato plants|Soil, stockage for potatoes plants|456906
soil?|sol?|446410
"Solanum tuberosum ""maritta"", potato tube"|"""""""Solanum tuberosum """"""""maritta"""""""", potato tube"""""""|342143
soil ornamental trees|sol arbres ornementaux|502139
wheat soil|sol blé|502105
farm soil|sol de ferme|437275
beech forest soil|sol de forêts de hêtres|438136
larval deposit soil (Culex molestus)|sol de gîte larvaire (Culex molestus)|490253
strawberry/cabbage garden soil|sol de jardin fraises/chou|436814
Garden soil, apple tree|Sol de jardin, pommier|436716
lake soil|sol de lac|434018
wall soil|sol de murier|505577
oil palm soil|sol de palmier à huile|481752
pine soil|sol de pin|481913
vegetable garden soil|sol de potager|520378
Thyna saline soil, 40cm deep.|sol de saline de Thyna, 40cm prof.|450846
*Quebec soil|*sol du Québec|458591
soil, forest|sol, forestier|8058979
sandy-gypsum forest soil 20cm deep Pinus aliepinsis|sol forestier sableux gypseux 20cm prof Pinus aliepinsis|449614
sandy-gypsum forest soil, 40cm deep|sol forestier sableux gypseux, 40cm prof.|449648
shallow forest soil|sol forestier superficiel|449562
soil forest|sol forêt|445418
Soil (forest)|Sol (forêt)|497568
20cm deep forest soil under Kermes oak|sol foretier, 20cm prof., sous chêne Kermes|450731
forest soil, 20cm deep, under Tetraclynis articulata|sol foretier, 20cm prof., sous Tetraclynis articulata|450714
forest soil, 25cm deep, under Pistacia lentiscus|sol foretier, 25cm prof., sous Pistacia lentiscus|450697
sandy-gypsum forest soil, 20cm deep, Pinus aliepinsis|sol foretier sableux gypseux, 20cm prof, Pinus aliepinsis|449631
grass soil|sol gazon|502173
soil, seed|sol, graine|459237
soil, wet seed|sol, graines humides|496318
sandstone, limestone and clay soil, 30cm deep, under olive trees|sol gréseux, calcaire et argileux, 30cm prof., sous olivier|450231
soil infected with H. serrata|sol infecté par H. serrata|514093
garden soil|sol jardin|502156
* wall soil|* sol muriers|441157
* Wall soil|* Sol muriers|435765
Black soil, University of South Australia|Sol noir, Université Australie du Sud|433857
soil (non-agricultural)|sol (non agricole)|517691
Soil, rhizosphere|Sol, rhizosphère|8058768
rice field soil after harvest|sol rizière après récolte|486574
sandy soil 15cm deep|sol sableux 15cm prof|449781
sandy soil, 20cm deep|sol sableux, 20cm prof|449798
sandy soil 20cm deep under datier palm forest|sol sableux 20cm prof sous forêt palmier datier|449764
sandy soil, 30cm deep|sol sableux, 30cm prof.|450615
sandy-gypsum soil 25cm deep, 600m altitude|sol sableux gypseux 25cm de profondeur, 600m altitude|450033
sandy-gypsum soil 25cm deep, 600m altitude|sol sableux-gypseux 25cm profondeur, 600m altitude|450016
sandy-gypsum soil, 40cm deep, 755m altitude|sol sableux gypseux, 40cm profondeur,755m altitude|449999
saline sandy soil of Sebkhat thyna|sol sableux salin de Sebkhat thyna|449580
soil savana|sol savana|515539
dry soil|sol sec|496512
* Indiana soils|* Sols Indiana|484992
*soil + Entomophtora spores|*sol + spores Entomophtora|514423
soil (ground): Bt 407 Cry- (no crystal)|sol (terre): Bt 407 Cry- (pas de cristal)|434310
soil (land): Mutant from Bt 407 Cry- (no crystal)|sol (terre): Mutant issu de Bt 407 Cry- (pas de cristal)|434327
* DEAN strain|* souche DEAN|524402
Spaghetti|Spaghettis|8283787
sperm culture|spermoculture|25109
Spodoptera littoralis dead larvae|Spodoptera littoralis larves mortes|440342
Pumping station|Station de pompage|486143
Steel surface of a beer-bottling plant|Steel surface of a  beer-bottling plant|158007
Submarine hydrothermal wind|Submarine hydrothermal vent|358299
Submaxillar abscess on a European woman|Submaxillar abscess on an European woman|193699
Submaxillary tissue|Submaxillary  tissue|309685
* hip suppuration|* suppuration de hanche|512988
sheet surface|surface de feuille|494082
marshland|terre de marais|497731
Marshland|Terre de marais|497714
grassy soil|terre herbeuse|497681
Thaumatopoea pityocampa (caterpillar)|Thaumatopoea pityocampa (chenille)|464064
Thermal wind|Thermal vent|102251
sheep's fleece|toison de mouton|498378
Tracheal exudation|Tracheal exsudation|228281
Turkey, cecum|Turkey, caecum|309207
Turkey, conjunctivitis|Turkey, conjonctivitis|81778
Upflow anaerobic sludge blanket reactor for treating bean-cured farm wastewater and lotus field mud|Upflow anaerobic sludge blanket reactor for treating bean-curd farm wastewater and lotus field mud|122530
*fish tank|*vase de vivier|443863
Vegetable puree, related to food poisoning|Vegetable puree,related to food poisoning|4543848
* plant|* végétal|448978
cotton worm Spodoptera littoralis dead larvae|ver du coton Spodoptera littoralis larves mortes|440490
Pink cotton worm|Ver rose du coton|455055
* meat|* viande|446672
Nhi thanh village, THU THUA district|Village de Nhi thanh, arrondissement de THU THUA|504811
fly|vole|537235
Fly, spleen|Vole, spleen|322755
Wall of a children car centre|Wall of a children car center|82692
Wall of a children care centre|Wall of a children care center|82665
Water (channel)|Water (canal)|8347978
Water-cooling system|Water-cooling sytem|162270
Water reservoir, air humidifier|Water reservoir, air humidifyer|140272
Wound, arthritis|Wound, arthrose|143590
Wound, snout area|Wound, groin area|362930
Xylocaine solution|Xylocaïne solution|310070
yoghurt|yoghourt|531465
Mississippi river water|Mississipi river water|345325
25th generation strain 9301(A)|25ème génération souche 9301(A)|433890
* corneal abscess|* abcès de la cornée|525047
liver abscess|abcès hépatique|7949587
Activated sludge contaminated with chromium|Activated sludge contamined with chromium|124026
pine needles|aiguilles de pins|510774
atmospheric air|air atmosphérique|449545
Algal mat, sulphurous mineral water spring|Algal mat, sulfurous mineral water spring|107979
Aluminium hydroxide gel antiacid|Aluminium hydroxyde gel antiacid|225543
Anaerobic mud of an olive mill waste water basin|Anaerobic mud of a olive mill waste water basin|90534
Pineapple comusus|Ananas comusus|365065
Animal, fish ulcer, Atlantic salmon (farmed)|Animal, fish ulcer, atlantic salmon (farmed)|5466281
Animal, Sheep, semen|Animal, Ovine, semen|291014
Animal, Pig, lung|Animal, Porcin, lung|249394
Anopheles larvae (dead)|Anopheles larvae (morte)|484312
Anopheles (L3 larvae)|Anopheles (larves L3)|515444
Anophelinae larvae (dead)|Anophelinae larvae (morte)|483607
ascites fluid|ascite fluid|26131
oats|avoine|524724
* Bactospein 513|* Bactospeine 513|432106
* Bactospein BTF 513/514|* Bactospeine BTF 513/514|432122
bacteriologic medium|bactriologic medium|536934
bird(plover)|bird(pluvier)|26715
B.mori (breeding dust)|B.mori (poussières élevage)|519321
Bombyx mori (cocoon)|Bombyx mori (cocon)|508958
* Mud|* boue|523767
*Mud|*boue|505531
Pool mud|Boue de piscine|489807
cadaver of Plutella xylostella|cadavre de Plutella xylostella|500551
cadavers of the coffee berry borer (TOGO)|cadavres de Scolyte du caféier (TOGO)|516039
ducklings 10 days|canetons 10j|509831
ducklings 11j|canetons 11j|516876
ducklings 13j|canetons 13j|484084
ducklings 14 days|canetons 14j|480622
ducklings 16j|canetons 16j|492792
ducklings B. 2s|canetons B. 2s|517059
12-day-old ducklings|canetons de 12 jours|467304
31-day-old ducklings|canetons de 31 jours|499763
32-day-old ducklings|canetons de 32 jours|501696
4 week old ducklings|canetons de 4 semaines|506828
8-week-old ducklings|canetons de 8 semaines|501875
Canine, ascites fluid|Canine, ascite fluid|305511
* gutter|* caniveau|498529
broken brown soil|cassé sol brun|467321
broken yellow soil|cassé sol jaune|521219
CASSÉ- yellow soil|CASSÉ- sol jaune|521187
Cattle, acorn|Cattle, gland|223795
Cellar|Cave|151351
abdominal cavity of laboratory's rat|cavity abdominal of laboratory's rat|25263
Ceratitis capitatat (pupa)|Ceratitis capitatat (pupe)|516501
cerebrum fistula|cerebrum fistule|30267
field of sesame plants|champ de plants de sésame|480211
* Mushrooms|* Champignons|516222
maize field|champ maïs|502008
tomato fields|champs de tomates|485674
diseased caterpillar Mythimna loreyi|chenille malade Mythimna loreyi|464032
Caterpillars|Chenilles|464845
Chemically contaminated fresh water sediment|Chimically contaminated fresh water sediment|92813
Chimney of deep sea winds|Chimney of deep sea vents|350608
Chinese cabbage|Chou Chinois|525243
chrysalises|chrysalides|458251
Cicer arietinum (vegetable) root|Cicer arietinum (legume) root|122823
Cichlididae (caterpillar)|Cichlididae (chenille)|473166
Cicadas|Cigales|466241
Cicadas (larvae)|Cigales (larves)|496961
Coastal seawater (10 m depth)|Coastal seawater (10 m depth)|147140
Guinea pig, mesenteric nodes|Cobaye, mesenteric nodes|420032
B.mori cocoon|Cocon B.mori|508276
collection of Federici B|collection de Federici B|493903
collection of Federici B.|collection de Federici B.|493920
conjunctiv|conjonctiv|29306
conjunctival taking|conjonctival taking|25183
contaminated water bath|contaminated bain-marie|34113
* sample contamination|* contamination d_échantillon|435457
* sample contamination|* contamination échantillon|499428
* fermenter contamination|* contamination fermenteurs|514625
fresh water course at Krichet Enaam or Djebel Thelja|cours d_eau douce à Krichet Enaam ou Djebel Thelja|449866
Creosote contaminated site near a Wood Processing Insdustry|Creosote contaminated site nearby a Wood Processing Insdustry|131773
Creosote-contaminated marine sediment|Creosote-contamined marine sediment|404999
Culicine larvae (dead)|Culicine larvae (morte)|484373
Dead female shearwater|Dead female puffin|221414
debris in maize silo|débris dans silo à maïs|489776
debris in rice silo|débris dans silo à riz|489744
substrate waste from naturally dead larvae|déchets du substrat des larves naturellement mortes|450346
Deep-sea hydrothermal wind|Deep-sea hydrothermal vent|90188
Deep sea sediments at a depth of 2406-2409 m|Deep sea sediments at a depth of 2406–2409 m|137885
* peritoneal dialysis|* dialyse péritonéale|490556
Dog, cock|Dog, bite|168522
Dog (feces)|Dog (feces)|371071
Tube drainage|Drainage tube|223233
draining ascites|draining ascite|26116
Drainage sewage, Culex sp.|Drain sewage, Culex sp.|490298
Earias insulana (caterpillars)|Earias insulana (chenilles)|485480
running water wadi|eau courante oued|450829
running water source 300m altitude|eau courante source 300m altitude|450114
* lake water|* eau de lac|442787
pool water|eau de piscine|460051
spring water near Marabou|eau de source à proximité de Marabou|450647
fresh spring water|eau douce de source|450680
fresh water from the Ethlam wadi at Borj Ettoumi|eau douce du oued Ethlam à Borj Ettoumi|449597
water of the village of Nha be|eau du Bourg de Nha be|503335
water from Phuoc kien Village|eau du Village de Phuoc kien|490802
Tan quy tay village water|eau du Village de Tan quy tay|518279
stagnant water|eau stagnante|520411
water sample from the town of Mo cay|échantillon d_eau du bourg de Mo cay|499444
water sample from the village of Nha be|echantillon d_eau du Bourg de Nha be|503368
water sample from the Nha be village|échantillon d'eau du Bourg de Nha be|503385
water sample from Binh loi Village|échantillon d'eau du Village de Binh loi|497858
water sample from Binh loi Village|échantillon d_eau du Village de Binh loi|497841
water sample from Bin Khanh village|échantillon d'eau du village de Bin Khanh|449013
water sample from Bin Khanh Village|échantillon d_eau du Village de Bin khanh|448996
water sample from Hiep binh Village|échantillon d'eau du Village de Hiep binh|479442
water sample from Hiep binh Village|échantillon d_eau du Village de Hiep binh|479410
water sample from Hiep binh phuoc Village|échantillon d_eau du Village de Hiep binh phuoc|479476
water sample from Hiepbinh phuoc Village|échantillon d_eau du Village de Hiepbinh phuoc|479459
water sample from Phuoc kien Village|échantillon d_eau du Village de  Phuoc kien|490853
water sample from Phuoc Kien Village|échantillon d'eau du Village de Phuoc Kien|490836
* veterinary school|* ecole vétérinaire|483047
* veterinary school|* école vétérinaire|473333
Cadra cautella Breeding|Elevage Cadra cautella|473182
Anagasta kühniella breeding|Elevage d_Anagasta kühniella|475814
Bombyx mori breeding|élevage de Bombyx mori|502206
Rearing 6-week-old ducklings|Elevage de canetons de 6 semaines|503238
CHILO SUPPRESSALIS Breeding|Elevage de CHILO SUPPRESSALIS|458933
Breeding of Heliothis zea|Elevage d'Heliothis zea|517956
Insect breeding|Elevage d_insectes|520445
Breeding Galleria mellonella|Elevage Galleria mellonella|500859
INRA breeding Mamestra oleacea|Elevage INRA Mamestra oleacea|497504
Breeding INRA Zeuzere|Elevage INRA Zeuzere|497458
* insect breeding|* elevage insectes|500216
Breeding Nemapogon granellus|Elevage Nemapogon granellus|473089
Warehouse|Entrepot|481704
warehouse|entrepôt|520873
Environment, soil|Environement, soil|6500593
Environment, cellar|Environment, cave|5485827
Environment, contaminated laboratory|Environment, contamined laboratory|5486041
Environment, deep seawater sample collected at a depth of 8900 m|Environment, deep seawater sample collected at a depth of 8900 m|5808337
Environment, surgery room|Environnement, surgery room|169038
Environment, air, turkey house|Environnment, air, turkey house|6748038
Environment, rhizospheric soil|Environnment, rhizospheric soil|6978316
Environment, soil|Environnment, soil|6972120
Environment, soil, sand|Environnment, soil, sand|6977692
sea water|esu de mer|450797
* extracted from RL-TC|* extrait de RL-TC|516117
cockerel faeces|faeces de coq de bruyère|445435
Feces from a convalescent diphtheria patient|Feces from a convalescent diphteria patient|7485103
fermentation of NRD 10a|fermentation de NRD 10a|478298
Cabbage leaf|Feuille de chou|458853
* sheets|* feuilles|460573
sheets|feuilles|489966
muddy leaves|feuilles boueuses|445351
* ivy leaves|* feuilles de lierre|460557
* apple leaves|* feuilles de pommier|468309
Field-grown cotton not tissue|Field-grown  cotton not tissue|3675453
filter|filtre|26520
Hydrothermal Fireplace|Fireplace hydrothermale|90060
penis fluid|fluide penis|24659
Foal kidney, nephritis|Foal kidney,  nephritis|391090
Mouse liver|Foie de souris|441080
football, wound|foot, wound|32606
Beech forests|Forêts de hêtres|437531
